MachineID,Cluster
146-179_surfsnel_dsl_internl_net_root,1
146-179_surfsnel_dsl_internl_net_tsinghua_xyz,1
146-179_surfsnel_dsl_internl_net_uka_p2pns,2
146-179_surfsnel_dsl_internl_net_uw_oneswarm,1
147-179_surfsnel_dsl_internl_net_arizona_owl,1
147-179_surfsnel_dsl_internl_net_irisaple_HEAP,2
147-179_surfsnel_dsl_internl_net_root,2
147-179_surfsnel_dsl_internl_net_tsinghua_xyz,2
147-179_surfsnel_dsl_internl_net_uw_oneswarm,2
75-130-96-12_static_oxfr_ma_charter_com_root,2
75-130-96-12_static_oxfr_ma_charter_com_tsinghua_xyz,2
75-130-96-13_static_oxfr_ma_charter_com_uka_p2pns,2
aladdin_planetlab_extranet_uni-passau_de_tsinghua_xyz,2
aladdin_planetlab_extranet_uni-passau_de_uw_oneswarm,1
chimay_infonet_fundp_ac_be_google_highground,1
chimay_infonet_fundp_ac_be_irisaple_HEAP,2
chimay_infonet_fundp_ac_be_irisaple_wup,2
chimay_infonet_fundp_ac_be_root,2
chimay_infonet_fundp_ac_be_tsinghua_xyz,2
chimay_infonet_fundp_ac_be_uw_oneswarm,2
cs-planetlab3_cs_surrey_sfu_ca_tsinghua_xyz,2
cs-planetlab3_cs_surrey_sfu_ca_uw_oneswarm,2
cs-planetlab4_cs_surrey_sfu_ca_root,1
cs-planetlab4_cs_surrey_sfu_ca_uw_oneswarm,2
csplanetlab2_kaist_ac_kr_princeton_codeen,2
csplanetlab2_kaist_ac_kr_tsinghua_xyz,1
csplanetlab2_kaist_ac_kr_utokyo_sora,2
csplanetlab2_kaist_ac_kr_uw_seattle,2
ds-pl3_technion_ac_il_neclabs_neclc,1
ds-pl3_technion_ac_il_root,2
ds-pl3_technion_ac_il_tsinghua_xyz,2
ds-pl3_technion_ac_il_uw_oneswarm,1
dschinni_planetlab_extranet_uni-passau_de_uw_oneswarm,2
earth_cs_brown_edu_nyu_d,2
earth_cs_brown_edu_root,2
earth_cs_brown_edu_tsinghua_xyz,2
earth_cs_brown_edu_uka_p2pns,2
earth_cs_brown_edu_uw_oneswarm,1
ebb_colgate_edu_uw_oneswarm,2
evghu4_colbud_hu_uw_oneswarm,1
flow_colgate_edu_uw_oneswarm,2
fobos_cecalc_ula_ve_google_highground,2
fobos_cecalc_ula_ve_root,2
fobos_cecalc_ula_ve_tsinghua_xyz,2
fobos_cecalc_ula_ve_uw_oneswarm,1
fobos_cecalc_ula_ve_uw_seattle,2
freedom_informatik_rwth-aachen_de_tsinghua_xyz,1
freedom_informatik_rwth-aachen_de_uw_oneswarm,1
gschembra3_diit_unict_it_root,2
gschembra3_diit_unict_it_uw_oneswarm,1
gschembra4_diit_unict_it_root,2
gschembra4_diit_unict_it_uw_oneswarm,1
host2_planetlab_informatik_tu-darmstadt_de_princeton_codeen,1
host2_planetlab_informatik_tu-darmstadt_de_root,1
host2_planetlab_informatik_tu-darmstadt_de_tsinghua_xyz,1
host2_planetlab_informatik_tu-darmstadt_de_utokyo_sora,2
host2_planetlab_informatik_tu-darmstadt_de_uw_oneswarm,1
host2_planetlab_informatik_tu-darmstadt_de_uw_seattle,2
host3-plb_loria_fr_irisaple_wup,2
host3-plb_loria_fr_root,2
host3-plb_loria_fr_tsinghua_xyz,1
host3_planetlab_informatik_tu-darmstadt_de_princeton_codeen,2
host3_planetlab_informatik_tu-darmstadt_de_uka_p2pns,2
host4-plb_loria_fr_root,2
host4-plb_loria_fr_tsinghua_xyz,2
host4-plb_loria_fr_uw_oneswarm,1
inriarennes1_irisa_fr_irisaple_wup,2
inriarennes1_irisa_fr_umn_net_tools,1
inriarennes1_irisa_fr_uw_oneswarm,2
inriarennes2_irisa_fr_uw_oneswarm,2
iraplab1_iralab_uni-karlsruhe_de_princeton_codeen,2
iraplab1_iralab_uni-karlsruhe_de_tum_i2p,2
iraplab1_iralab_uni-karlsruhe_de_uw_oneswarm,2
iraplab2_iralab_uni-karlsruhe_de_ uofathens_zoi,1
iraplab2_iralab_uni-karlsruhe_de_tsinghua_xyz,2
iraplab2_iralab_uni-karlsruhe_de_uw_oneswarm,1
jupiter_cs_brown_edu_nyu_d,2
jupiter_cs_brown_edu_root,1
kc-sce-plab2_umkc_edu_irisaple_HEAP,2
kc-sce-plab2_umkc_edu_princeton_codeen,2
kc-sce-plab2_umkc_edu_uw_oneswarm,1
kostis_di_uoa_gr_irisaple_wup,2
kostis_di_uoa_gr_uw_oneswarm,1
kupl1_ittc_ku_edu_arizona_nest,2
kupl1_ittc_ku_edu_nyu_d,2
kupl1_ittc_ku_edu_pl_drl,2
kupl1_ittc_ku_edu_root,1
lefthand_eecs_harvard_edu_princeton_codeen,2
lefthand_eecs_harvard_edu_tsinghua_xyz,2
mercury_silicon-valley_ru_irisaple_HEAP,2
mercury_silicon-valley_ru_tsinghua_xyz,1
mercury_silicon-valley_ru_uw_oneswarm,2
metis_mcs_suffolk_edu_tsinghua_xyz,2
metis_mcs_suffolk_edu_uw_oneswarm,1
miranda_planetlab_cs_umd_edu_tsinghua_xyz,2
miranda_planetlab_cs_umd_edu_uw_oneswarm,1
mtuplanetlab1_cs_mtu_edu_princeton_codeen,2
mtuplanetlab1_cs_mtu_edu_root,2
mtuplanetlab1_cs_mtu_edu_tsinghua_xyz,2
mtuplanetlab2_cs_mtu_edu_princeton_codeen,2
mtuplanetlab2_cs_mtu_edu_root,2
mtuplanetlab2_cs_mtu_edu_uw_oneswarm,1
napa2_tele_pw_edu_pl_uw_oneswarm,1
netapp6_cs_kookmin_ac_kr_princeton_codeen,2
netapp6_cs_kookmin_ac_kr_root,2
netapp6_cs_kookmin_ac_kr_tsinghua_xyz,2
netapp6_cs_kookmin_ac_kr_uw_oneswarm,1
netapp7_cs_kookmin_ac_kr_princeton_codeen,2
netapp7_cs_kookmin_ac_kr_root,2
netapp7_cs_kookmin_ac_kr_tsinghua_xyz,2
netapp7_cs_kookmin_ac_kr_uw_oneswarm,1
nis-planet1_doshisha_ac_jp_uw_oneswarm,2
nis-planet2_doshisha_ac_jp_arizona_owl,1
nis-planet2_doshisha_ac_jp_princeton_codeen,2
nis-planet2_doshisha_ac_jp_purdue_4,1
nis-planet2_doshisha_ac_jp_rnp_dcc_ufjf,1
nis-planet2_doshisha_ac_jp_uw_oneswarm,2
node-1_mcgillplanetlab_org_tsinghua_xyz,2
node-1_mcgillplanetlab_org_uw_oneswarm,1
node-2_mcgillplanetlab_org_tsinghua_xyz,2
node-2_mcgillplanetlab_org_uw_oneswarm,1
node1_planetlab_albany_edu_princeton_codeen,2
node1_planetlab_albany_edu_tsinghua_xyz,2
node1_planetlab_albany_edu_uw_oneswarm,2
node2_lbnl_nodes_planet-lab_org_root,2
node2_lbnl_nodes_planet-lab_org_tsinghua_xyz,1
node2_lbnl_nodes_planet-lab_org_uw_oneswarm,1
node2_planetlab_albany_edu_irisaple_HEAP,2
node2_planetlab_albany_edu_princeton_codeen,2
node2_planetlab_albany_edu_tsinghua_xyz,2
node2_planetlab_albany_edu_uw_oneswarm,2
node2_planetlab_mathcs_emory_edu_princeton_codeen,2
node2_planetlab_mathcs_emory_edu_root,2
node2_planetlab_mathcs_emory_edu_tsinghua_xyz,2
node2_planetlab_mathcs_emory_edu_uw_oneswarm,1
nodea_howard_edu_tsinghua_xyz,2
nodeb_howard_edu_tsinghua_xyz,2
nodeb_howard_edu_uw_oneswarm,1
onelab-1_fhi-fokus_de_ uofathens_zoi,1
onelab-1_fhi-fokus_de_irisaple_wup,2
onelab09_pl_sophia_inria_fr_ cwru_DNS,1
onelab09_pl_sophia_inria_fr_irisaple_HEAP,2
onelab09_pl_sophia_inria_fr_irisaple_wup,1
onelab09_pl_sophia_inria_fr_root,2
onelab09_pl_sophia_inria_fr_uw_oneswarm,1
onelab10_pl_sophia_inria_fr_irisaple_HEAP,2
onelab10_pl_sophia_inria_fr_irisaple_wup,2
onelab10_pl_sophia_inria_fr_tsinghua_xyz,2
onelab10_pl_sophia_inria_fr_uw_oneswarm,1
onelab11_pl_sophia_inria_fr_irisaple_HEAP,1
onelab11_pl_sophia_inria_fr_irisaple_wup,2
onelab11_pl_sophia_inria_fr_umn_net_tools,1
onelab11_pl_sophia_inria_fr_uw_oneswarm,1
orval_infonet_fundp_ac_be_irisaple_HEAP,2
orval_infonet_fundp_ac_be_irisaple_wup,2
orval_infonet_fundp_ac_be_root,2
orval_infonet_fundp_ac_be_uw_oneswarm,2
osiris_planetlab_cs_umd_edu_irisaple_HEAP,2
osiris_planetlab_cs_umd_edu_princeton_codeen,2
osiris_planetlab_cs_umd_edu_root,2
osiris_planetlab_cs_umd_edu_tsinghua_xyz,2
osiris_planetlab_cs_umd_edu_uka_p2pns,2
osiris_planetlab_cs_umd_edu_uw_oneswarm,2
pads21_cs_nthu_edu_tw_princeton_codeen,2
pads21_cs_nthu_edu_tw_uw_oneswarm,2
pads23_cs_nthu_edu_tw_princeton_codeen,2
pads23_cs_nthu_edu_tw_uw_oneswarm,2
peace_informatik_rwth-aachen_de_irisaple_wup,2
peace_informatik_rwth-aachen_de_root,2
peace_informatik_rwth-aachen_de_tsinghua_xyz,1
peace_informatik_rwth-aachen_de_uw_oneswarm,1
peeramide_irisa_fr_ethzcs_tracegatherer,1
peeramide_irisa_fr_irisaple_HEAP,2
peeramide_irisa_fr_irisaple_wup,2
peeramide_irisa_fr_root,2
peeramide_irisa_fr_umn_net_tools,1
peeramide_irisa_fr_uw_oneswarm,2
peeramidion_irisa_fr_irisaple_HEAP,2
peeramidion_irisa_fr_irisaple_wup,2
peeramidion_irisa_fr_uw_oneswarm,2
pl-node-0_csl_sri_com_tsinghua_xyz,2
pl-node-0_csl_sri_com_uka_p2pns,2
pl-node-0_csl_sri_com_uw_oneswarm,2
pl-node-1_csl_sri_com_irisaple_HEAP,2
pl-node-1_csl_sri_com_tsinghua_xyz,2
pl-node-1_csl_sri_com_uw_oneswarm,1
pl1-alblf_homeip_net_irisaple_HEAP,2
pl1-alblf_homeip_net_irisaple_wup,2
pl1-alblf_homeip_net_root,2
pl1-alblf_homeip_net_uw_oneswarm,2
pl1-alblf_homeip_net_uw_seattle,2
pl1_6test_edu_cn_uka_p2pns,2
pl1_6test_edu_cn_utokyo_sora,2
pl1_6test_edu_cn_uw_oneswarm,1
pl1_cs_yale_edu_tsinghua_xyz,2
pl1_cs_yale_edu_uw_oneswarm,2
pl1_eng_monash_edu_au_root,2
pl1_eng_monash_edu_au_tum_i2p,2
pl1_eng_monash_edu_au_uw_oneswarm,2
pl1_grid_kiae_ru_princeton_codeen,1
pl1_grid_kiae_ru_root,2
pl1_grid_kiae_ru_tsinghua_xyz,2
pl1_grid_kiae_ru_uw_oneswarm,1
pl1_planet_cs_kent_edu_root,2
pl1_planet_cs_kent_edu_uw_oneswarm,1
pl1_planetlab_uvic_ca_tsinghua_xyz,2
pl1_planetlab_uvic_ca_tum_i2p,2
pl1_rcc_uottawa_ca_google_highground,1
pl1_rcc_uottawa_ca_tsinghua_xyz,2
pl1_rcc_uottawa_ca_tum_i2p,2
pl1_rcc_uottawa_ca_uw_oneswarm,2
pl1_sos_info_hiroshima-cu_ac_jp_irisaple_HEAP,2
pl1_sos_info_hiroshima-cu_ac_jp_uw_oneswarm,1
pl1_ucs_indiana_edu_princeton_codeen,2
pl1_ucs_indiana_edu_root,2
pl1_ucs_indiana_edu_tum_i2p,2
pl1_ucs_indiana_edu_uw_oneswarm,1
pl2-alblf_homeip_net_irisaple_wup,2
pl2-alblf_homeip_net_uw_oneswarm,1
pl2_6test_edu_cn_uw_oneswarm,1
pl2_cs_yale_edu_uw_oneswarm,2
pl2_csl_utoronto_ca_nyu_d,2
pl2_csl_utoronto_ca_princeton_codeen,1
pl2_csl_utoronto_ca_root,1
pl2_csl_utoronto_ca_uw_seattle,2
pl2_eng_monash_edu_au_irisaple_HEAP,2
pl2_eng_monash_edu_au_root,2
pl2_eng_monash_edu_au_uw_oneswarm,1
pl2_grid_kiae_ru_princeton_codeen,2
pl2_grid_kiae_ru_uw_oneswarm,1
pl2_planet_cs_kent_edu_princeton_codeen,2
pl2_planet_cs_kent_edu_uw_oneswarm,1
pl2_sos_info_hiroshima-cu_ac_jp_uw_oneswarm,1
pl2_ucs_indiana_edu_irisaple_HEAP,2
pl2_ucs_indiana_edu_nyu_d,2
pl2_ucs_indiana_edu_root,2
pl2_ucs_indiana_edu_uw_oneswarm,2
pl4_unm_edu_arizona_nest,2
pl4_unm_edu_arizona_owl,2
pl4_unm_edu_howard_p2psip,2
pl4_unm_edu_nyu_d,2
pl4_unm_edu_princeton_codeen,2
pl4_unm_edu_root,2
pl4_unm_edu_uw_oneswarm,1
pl4_unm_edu_uw_trs2,2
plab-1_sinp_msu_ru_irisaple_HEAP,2
plab-1_sinp_msu_ru_uw_oneswarm,1
plab-1_sinp_msu_ru_uw_seattle,2
plab-2_sinp_msu_ru_uw_oneswarm,1
plab1_create-net_org_uw_oneswarm,1
plab1_cs_ust_hk_irisaple_HEAP,2
plab1_cs_ust_hk_uw_oneswarm,2
plab1_engr_sjsu_edu_uw_oneswarm,1
plab1_larc_usp_br_irisaple_wup,2
plab1_larc_usp_br_uw_oneswarm,1
plab2_create-net_org_uw_oneswarm,2
plab2_engr_sjsu_edu_root,1
plab2_engr_sjsu_edu_uw_oneswarm,1
plab2_larc_usp_br_uw_oneswarm,1
plab2_nec-labs_com_arizona_owl,1
plab2_nec-labs_com_howard_p2psip,2
plab2_nec-labs_com_nyu_d,2
plab2_nec-labs_com_uw_oneswarm,1
plab3_eece_ksu_edu_princeton_codeen,2
plab3_eece_ksu_edu_root,2
plab3_eece_ksu_edu_tum_i2p,2
plab4_eece_ksu_edu_princeton_codeen,2
plab4_eece_ksu_edu_root,2
plane-lab-pb1_uni-paderborn_de_princeton_codeen,2
plane-lab-pb1_uni-paderborn_de_root,2
plane-lab-pb2_uni-paderborn_de_irisaple_HEAP,2
plane-lab-pb2_uni-paderborn_de_princeton_codeen,2
plane-lab-pb2_uni-paderborn_de_root,2
plane-lab-pb2_uni-paderborn_de_uw_oneswarm,1
planet-lab-node1_netgroup_uniroma2_it_irisaple_wup,2
planet-lab-node1_netgroup_uniroma2_it_uw_oneswarm,1
planet-lab-node2_netgroup_uniroma2_it_uw_oneswarm,1
planet-lab1_cs_ucr_edu_uw_oneswarm,1
planet-lab1_ufabc_edu_br_irisaple_HEAP,2
planet-lab1_ufabc_edu_br_nyu_d,2
planet-lab1_ufabc_edu_br_princeton_codeen,2
planet-lab1_ufabc_edu_br_root,1
planet-lab1_ufabc_edu_br_uw_oneswarm,1
planet-lab2_cs_ucr_edu_upmc_ts,2
planet-lab2_cs_ucr_edu_uw_oneswarm,1
planet-lab2_uba_ar_uw_oneswarm,2
planet01_hhi_fraunhofer_de_uw_oneswarm,2
planet03_csc_ncsu_edu_uw_oneswarm,1
planet0_jaist_ac_jp_nyu_d,2
planet0_jaist_ac_jp_root,2
planet11_csc_ncsu_edu_uw_oneswarm,1
planet12_csc_ncsu_edu_irisaple_HEAP,2
planet1_att_nodes_planet-lab_org_root,1
planet1_att_nodes_planet-lab_org_uw_oneswarm,1
planet1_cs_rit_edu_princeton_codeen,2
planet1_cs_rit_edu_root,2
planet1_cs_rit_edu_uw_oneswarm,1
planet1_cs_rochester_edu_irisaple_HEAP,2
planet1_cs_rochester_edu_princeton_codeen,2
planet1_cs_rochester_edu_uw_oneswarm,2
planet1_jaist_ac_jp_nyu_d,2
planet1_jaist_ac_jp_root,2
planet1_jaist_ac_jp_uw_oneswarm,1
planet1_l3s_uni-hannover_de_nyu_d,2
planet1_l3s_uni-hannover_de_root,1
planet1_l3s_uni-hannover_de_utokyo_sora,2
planet1_pnl_nitech_ac_jp_uw_oneswarm,1
planet1_prakinf_tu-ilmenau_de_princeton_codeen,1
planet1_prakinf_tu-ilmenau_de_root,2
planet1_scs_cs_nyu_edu_irisaple_HEAP,2
planet1_scs_cs_nyu_edu_nyu_d,2
planet1_scs_cs_nyu_edu_princeton_codeen,1
planet1_scs_cs_nyu_edu_root,2
planet1_scs_cs_nyu_edu_uw_oneswarm,1
planet1_servers_ua_pt_irisaple_HEAP,2
planet1_servers_ua_pt_irisaple_wup,2
planet1_servers_ua_pt_uw_oneswarm,1
planet2_att_nodes_planet-lab_org_root,2
planet2_att_nodes_planet-lab_org_uw_oneswarm,1
planet2_att_nodes_planet-lab_org_uw_seattle,2
planet2_cc_gt_atl_ga_us_nyu_d,2
planet2_cc_gt_atl_ga_us_root,2
planet2_colbud_hu_root,2
planet2_cs_rochester_edu_irisaple_wup,2
planet2_cs_rochester_edu_uw_oneswarm,2
planet2_inf_tu-dresden_de_nyu_d,2
planet2_inf_tu-dresden_de_princeton_codeen,2
planet2_inf_tu-dresden_de_root,2
planet2_inf_tu-dresden_de_uw_oneswarm,1
planet2_pnl_nitech_ac_jp_uw_oneswarm,1
planet2_prakinf_tu-ilmenau_de_nyu_d,2
planet2_prakinf_tu-ilmenau_de_princeton_codeen,2
planet2_prakinf_tu-ilmenau_de_root,2
planet2_prakinf_tu-ilmenau_de_uw_oneswarm,1
planet2_scs_stanford_edu_howard_p2psip,2
planet2_scs_stanford_edu_nyu_d,2
planet2_scs_stanford_edu_princeton_codeen,2
planet2_scs_stanford_edu_root,1
planet2_scs_stanford_edu_uw_oneswarm,2
planet2_scs_stanford_edu_uw_seattle,2
planet2_servers_ua_pt_irisaple_HEAP,2
planet2_servers_ua_pt_irisaple_wup,2
planet2_servers_ua_pt_uw_oneswarm,1
planet3_cc_gt_atl_ga_us_nyu_d,2
planet3_cs_ucsb_edu_princeton_codeen,2
planet3_cs_ucsb_edu_root,2
planet3_cs_ucsb_edu_uw_oneswarm,1
planet3_prakinf_tu-ilmenau_de_nyu_d,2
planet3_prakinf_tu-ilmenau_de_root,2
planet3_prakinf_tu-ilmenau_de_uw_oneswarm,1
planet4_cc_gt_atl_ga_us_nyu_d,2
planet4_cc_gt_atl_ga_us_root,2
planet4_cs_ucsb_edu_princeton_codeen,2
planet4_cs_ucsb_edu_root,2
planet4_cs_ucsb_edu_upmc_ts,2
planet4_cs_ucsb_edu_uw_oneswarm,1
planet5_cs_ucsb_edu_irisaple_HEAP,2
planet5_cs_ucsb_edu_uw_oneswarm,1
planet6_cs_ucsb_edu_ rnp_dcc_ufjf,1
planet6_cs_ucsb_edu_irisaple_HEAP,2
planet6_cs_ucsb_edu_irisaple_wup,2
planet6_cs_ucsb_edu_root,2
planet6_cs_ucsb_edu_uw_oneswarm,1
planetdev02_fm_intel_com_root,2
planetdev02_fm_intel_com_uw_oneswarm,1
planetlab-01_cs_princeton_edu_nyu_d,2
planetlab-01_cs_princeton_edu_root,2
planetlab-01_kusa_ac_jp_irisaple_HEAP,2
planetlab-01_kusa_ac_jp_root,2
planetlab-01_kusa_ac_jp_uw_oneswarm,1
planetlab-01_vt_nodes_planet-lab_org_root,2
planetlab-01_vt_nodes_planet-lab_org_uw_oneswarm,2
planetlab-02_kusa_ac_jp_irisaple_HEAP,2
planetlab-02_kusa_ac_jp_nyu_d,2
planetlab-02_kusa_ac_jp_root,2
planetlab-02_kusa_ac_jp_uw_oneswarm,1
planetlab-02_vt_nodes_planet-lab_org_uw_oneswarm,1
planetlab-03_vt_nodes_planet-lab_org_irisaple_HEAP,2
planetlab-03_vt_nodes_planet-lab_org_uw_oneswarm,1
planetlab-04_cs_princeton_edu_clemson_kangc,2
planetlab-04_cs_princeton_edu_nyu_d,2
planetlab-04_cs_princeton_edu_root,2
planetlab-04_cs_princeton_edu_uw_oneswarm,1
planetlab-04_vt_nodes_planet-lab_org_irisaple_HEAP,2
planetlab-04_vt_nodes_planet-lab_org_uw_oneswarm,2
planetlab-05_cs_princeton_edu_clemson_kangc,2
planetlab-05_cs_princeton_edu_princeton_comon,2
planetlab-05_cs_princeton_edu_utokyo_sora,2
planetlab-05_cs_princeton_edu_uw_oneswarm,1
planetlab-06_cs_princeton_edu_irisaple_HEAP,2
planetlab-06_cs_princeton_edu_utokyo_sora,2
planetlab-1_amst_nodes_planet-lab_org_rnp_dcc_ufjf,1
planetlab-1_amst_nodes_planet-lab_org_root,2
planetlab-1_amst_nodes_planet-lab_org_uw_oneswarm,1
planetlab-1_amst_nodes_planet-lab_org_uw_seattle,2
planetlab-1_calpoly-netlab_net_irisaple_wup,2
planetlab-1_calpoly-netlab_net_uw_oneswarm,2
planetlab-1_cmcl_cs_cmu_edu_uw_oneswarm,1
planetlab-1_cs_auckland_ac_nz_uka_p2pns,2
planetlab-1_cs_auckland_ac_nz_uw_oneswarm,2
planetlab-1_cs_colostate_edu_irisaple_HEAP,2
planetlab-1_cs_colostate_edu_princeton_codeen,2
planetlab-1_cs_colostate_edu_uw_oneswarm,1
planetlab-1_cs_uh_edu_due_test,1
planetlab-1_cs_uh_edu_irisaple_HEAP,2
planetlab-1_cs_uh_edu_uw_oneswarm,1
planetlab-1_cs_uic_edu_ rnp_dcc_ufjf,1
planetlab-1_cs_uic_edu_root,2
planetlab-1_cs_uic_edu_uw_oneswarm,1
planetlab-1_cs_unibas_ch_irisaple_HEAP,2
planetlab-1_cs_unibas_ch_irisaple_wup,2
planetlab-1_cs_unibas_ch_root,2
planetlab-1_cs_unibas_ch_uw_oneswarm,2
planetlab-1_cse_ohio-state_edu_nyu_d,2
planetlab-1_cse_ohio-state_edu_pl_drl,2
planetlab-1_elisa_cpsc_ucalgary_ca_ uofathens_zoi,1
planetlab-1_elisa_cpsc_ucalgary_ca_uw_oneswarm,1
planetlab-1_imperial_ac_uk_nyu_d,2
planetlab-1_ing_unimo_it_irisaple_HEAP,2
planetlab-1_ing_unimo_it_irisaple_wup,2
planetlab-1_ing_unimo_it_uw_oneswarm,2
planetlab-1_sjtu_edu_cn_irisaple_HEAP,2
planetlab-1_sjtu_edu_cn_uka_p2pns,2
planetlab-1_sjtu_edu_cn_uw_oneswarm,1
planetlab-1_ssvl_kth_se_root,2
planetlab-1_ssvl_kth_se_uw_oneswarm,1
planetlab-1_sysu_edu_cn_uw_oneswarm,2
planetlab-1_tagus_ist_utl_pt_nyu_d,2
planetlab-1_tagus_ist_utl_pt_root,2
planetlab-1_tagus_ist_utl_pt_uw_oneswarm,2
planetlab-1_webedu_ccu_edu_tw_root,2
planetlab-1_webedu_ccu_edu_tw_uw_oneswarm,2
planetlab-2_calpoly-netlab_net_delft_snprivacy,2
planetlab-2_calpoly-netlab_net_irisaple_HEAP,2
planetlab-2_calpoly-netlab_net_uw_oneswarm,1
planetlab-2_cs_auckland_ac_nz_uw_oneswarm,1
planetlab-2_cs_colostate_edu_irisaple_HEAP,2
planetlab-2_cs_colostate_edu_princeton_codeen,1
planetlab-2_cs_colostate_edu_root,2
planetlab-2_cs_colostate_edu_uw_oneswarm,1
planetlab-2_cs_ucy_ac_cy_uw_oneswarm,2
planetlab-2_cs_ucy_ac_cy_uw_seattle,2
planetlab-2_cs_uh_edu_uw_oneswarm,1
planetlab-2_cs_uic_edu_irisaple_HEAP,2
planetlab-2_cs_uic_edu_irisaple_wup,2
planetlab-2_cs_uic_edu_uw_oneswarm,1
planetlab-2_cs_unibas_ch_irisaple_HEAP,2
planetlab-2_cs_unibas_ch_irisaple_wup,2
planetlab-2_cs_unibas_ch_root,2
planetlab-2_cs_unibas_ch_umn_net_tools,2
planetlab-2_cs_unibas_ch_uw_oneswarm,2
planetlab-2_cse_ohio-state_edu_princeton_codeen,2
planetlab-2_cse_ohio-state_edu_root,1
planetlab-2_elisa_cpsc_ucalgary_ca_uw_oneswarm,1
planetlab-2_fokus_fraunhofer_de_princeton_codeen,1
planetlab-2_fokus_fraunhofer_de_root,2
planetlab-2_fokus_fraunhofer_de_uw_oneswarm,1
planetlab-2_imperial_ac_uk_nyu_d,2
planetlab-2_ing_unimo_it_irisaple_HEAP,1
planetlab-2_ing_unimo_it_uw_oneswarm,2
planetlab-2_pdl_nudt_edu_cn_uw_oneswarm,2
planetlab-2_sjtu_edu_cn_uw_oneswarm,1
planetlab-2_ssvl_kth_se_arizona_owl,2
planetlab-2_ssvl_kth_se_howard_p2psip,2
planetlab-2_ssvl_kth_se_root,2
planetlab-2_ssvl_kth_se_uw_oneswarm,1
planetlab-2_sysu_edu_cn_uw_oneswarm,2
planetlab-2_webedu_ccu_edu_tw_irisaple_HEAP,2
planetlab-2_webedu_ccu_edu_tw_uw_oneswarm,2
planetlab-3_cmcl_cs_cmu_edu_arizona_nest,2
planetlab-3_cmcl_cs_cmu_edu_arizona_owl,2
planetlab-3_cmcl_cs_cmu_edu_root,1
planetlab-3_cmcl_cs_cmu_edu_uw_oneswarm,1
planetlab-3_cmcl_cs_cmu_edu_uw_trs2,2
planetlab-4_eecs_cwru_edu_uw_oneswarm,2
planetlab-4_imperial_ac_uk_irisaple_HEAP,2
planetlab-4_imperial_ac_uk_root,2
planetlab-4_imperial_ac_uk_uw_oneswarm,1
planetlab-5_eecs_cwru_edu_irisaple_HEAP,2
planetlab-5_eecs_cwru_edu_princeton_codeen,1
planetlab-europe-07_ipv6_lip6_fr_irisaple_HEAP,2
planetlab-europe-07_ipv6_lip6_fr_irisaple_wup,2
planetlab-europe-07_ipv6_lip6_fr_root,2
planetlab-europe-07_ipv6_lip6_fr_uw_oneswarm,2
planetlab-n1_wand_net_nz_uw_oneswarm,2
planetlab-n2_wand_net_nz_uw_oneswarm,1
planetlab-node1_it-sudparis_eu_irisaple_wup,2
planetlab-node1_it-sudparis_eu_root,2
planetlab-node1_it-sudparis_eu_tum_i2p,2
planetlab-node1_it-sudparis_eu_uw_oneswarm,1
planetlab-node3_it-sudparis_eu_irisaple_HEAP,2
planetlab-node3_it-sudparis_eu_irisaple_wup,2
planetlab-node3_it-sudparis_eu_uw_oneswarm,2
planetlab-wifi-01_ipv6_lip6_fr_irisaple_HEAP,2
planetlab-wifi-01_ipv6_lip6_fr_irisaple_wup,2
planetlab-wifi-01_ipv6_lip6_fr_root,2
planetlab-wifi-01_ipv6_lip6_fr_uw_oneswarm,2
planetlab01_cs_tcd_ie_google_highground,2
planetlab01_cs_tcd_ie_irisaple_HEAP,2
planetlab01_cs_tcd_ie_rnp_dcc_ufjf,1
planetlab01_cs_tcd_ie_root,1
planetlab01_tkn_tu-berlin_de_root,2
planetlab01_tkn_tu-berlin_de_uw_oneswarm,1
planetlab02_cs_tcd_ie_google_highground,1
planetlab02_cs_tcd_ie_princeton_codeen,2
planetlab02_cs_washington_edu_root,2
planetlab02_just_edu_jo_google_highground,1
planetlab02_just_edu_jo_irisaple_HEAP,2
planetlab02_just_edu_jo_uw_oneswarm,2
planetlab02_sys_virginia_edu_princeton_codeen,2
planetlab03_cnds_unibe_ch_root,2
planetlab03_cnds_unibe_ch_uw_oneswarm,1
planetlab04_cnds_unibe_ch_princeton_codeen,1
planetlab04_cnds_unibe_ch_root,2
planetlab04_cnds_unibe_ch_uw_oneswarm,1
planetlab04_mpi-sws_mpg_de_nyu_d,2
planetlab05_cs_washington_edu_uw_oneswarm,1
planetlab05_mpi-sws_mpg_de_nyu_d,2
planetlab06_mpi-sws_mpg_de_nyu_d,2
planetlab06_mpi-sws_mpg_de_princeton_codeen,2
planetlab06_mpi-sws_mpg_de_root,1
planetlab06_mpi-sws_mpg_de_uka_p2pns,2
planetlab0_dojima_wide_ad_jp_root,2
planetlab0_otemachi_wide_ad_jp_irisaple_wup,2
planetlab0_otemachi_wide_ad_jp_nyu_d,2
planetlab1-buenosaires_lan_redclara_net_root,2
planetlab1-santiago_lan_redclara_net_google_highground,2
planetlab1-santiago_lan_redclara_net_irisaple_HEAP,2
planetlab1-santiago_lan_redclara_net_irisaple_wup,2
planetlab1-santiago_lan_redclara_net_uw_oneswarm,1
planetlab1-tijuana_lan_redclara_net_root,2
planetlab1-tijuana_lan_redclara_net_uw_oneswarm,1
planetlab10_millennium_berkeley_edu_nyu_d,2
planetlab10_millennium_berkeley_edu_princeton_codeen,2
planetlab10_millennium_berkeley_edu_uw_oneswarm,1
planetlab16_millennium_berkeley_edu_princeton_codeen,1
planetlab16_millennium_berkeley_edu_uw_oneswarm,1
planetlab1_acis_ufl_edu_tum_i2p,2
planetlab1_bgu_ac_il_princeton_codeen,2
planetlab1_bgu_ac_il_uw_oneswarm,1
planetlab1_bupt_edu_cn_uw_oneswarm,2
planetlab1_byu_edu_root,2
planetlab1_byu_edu_uw_oneswarm,1
planetlab1_comp_nus_edu_sg_princeton_codeen,2
planetlab1_comp_nus_edu_sg_uw_trs2,2
planetlab1_cs_du_edu_uka_p2pns,2
planetlab1_cs_du_edu_uw_oneswarm,2
planetlab1_cs_otago_ac_nz_uw_oneswarm,1
planetlab1_cs_pitt_edu_uka_p2pns,2
planetlab1_cs_pitt_edu_uw_oneswarm,1
planetlab1_cs_purdue_edu_princeton_codeen,2
planetlab1_cs_purdue_edu_root,1
planetlab1_cs_stevens-tech_edu_root,1
planetlab1_cs_ucl_ac_uk_nyu_d,2
planetlab1_cs_ucl_ac_uk_root,2
planetlab1_cs_ucl_ac_uk_uw_oneswarm,1
planetlab1_cs_ucla_edu_princeton_codeen,2
planetlab1_cs_ucla_edu_root,2
planetlab1_cs_ucla_edu_uw_oneswarm,1
planetlab1_cs_uit_no_princeton_codeen,1
planetlab1_cs_uit_no_root,2
planetlab1_cs_uml_edu_uw_oneswarm,2
planetlab1_cs_unc_edu_nyu_d,2
planetlab1_cs_unc_edu_princeton_codeen,2
planetlab1_cs_uoi_gr_root,1
planetlab1_cs_uoregon_edu_uka_p2pns,2
planetlab1_cs_vu_nl_uw_oneswarm,1
planetlab1_csg_uzh_ch_nyu_d,2
planetlab1_csuohio_edu_uw_oneswarm,1
planetlab1_dojima_wide_ad_jp_irisaple_HEAP,2
planetlab1_dojima_wide_ad_jp_rnp_dcc_ufjf,2
planetlab1_dojima_wide_ad_jp_root,2
planetlab1_eas_asu_edu_irisaple_HEAP,2
planetlab1_eas_asu_edu_nyu_d,2
planetlab1_eas_asu_edu_princeton_codeen,1
planetlab1_eas_asu_edu_princeton_contdist,1
planetlab1_eas_asu_edu_root,2
planetlab1_eas_asu_edu_uw_oneswarm,1
planetlab1_ecs_vuw_ac_nz_irisaple_HEAP,2
planetlab1_ecs_vuw_ac_nz_root,2
planetlab1_ecs_vuw_ac_nz_uw_oneswarm,1
planetlab1_eecs_ucf_edu_princeton_codeen,2
planetlab1_eecs_ucf_edu_root,2
planetlab1_eecs_ucf_edu_uw_oneswarm,1
planetlab1_eecs_wsu_edu_google_highground,1
planetlab1_eecs_wsu_edu_princeton_codeen,2
planetlab1_eecs_wsu_edu_root,2
planetlab1_eecs_wsu_edu_uw_oneswarm,1
planetlab1_eee_hku_hk_princeton_codeen,2
planetlab1_eee_hku_hk_root,2
planetlab1_engr_uconn_edu_nyu_d,2
planetlab1_eurecom_fr_root,2
planetlab1_eurecom_fr_uw_oneswarm,2
planetlab1_exp-math_uni-essen_de_root,1
planetlab1_fem_tu-ilmenau_de_utokyo_sora,2
planetlab1_georgetown_edu_root,2
planetlab1_georgetown_edu_uw_oneswarm,1
planetlab1_hiit_fi_nyu_d,2
planetlab1_hiit_fi_root,1
planetlab1_hiit_fi_uka_p2pns,2
planetlab1_hiit_fi_utokyo_sora,2
planetlab1_iii_u-tokyo_ac_jp_nyu_d,2
planetlab1_iii_u-tokyo_ac_jp_princeton_codeen,2
planetlab1_iii_u-tokyo_ac_jp_root,1
planetlab1_iii_u-tokyo_ac_jp_uka_p2pns,2
planetlab1_iii_u-tokyo_ac_jp_uw_oneswarm,1
planetlab1_iii_u-tokyo_ac_jp_uw_seattle,2
planetlab1_iis_sinica_edu_tw_nyu_d,2
planetlab1_iis_sinica_edu_tw_princeton_codeen,2
planetlab1_iis_sinica_edu_tw_rnp_dcc_ufjf,2
planetlab1_inf_ethz_ch_nyu_d,2
planetlab1_inf_ethz_ch_tum_i2p,2
planetlab1_inf_ethz_ch_uw_oneswarm,1
planetlab1_informatik_uni-erlangen_de_nyu_d,2
planetlab1_informatik_uni-erlangen_de_utokyo_sora,2
planetlab1_informatik_uni-erlangen_de_uw_seattle,2
planetlab1_informatik_uni-kl_de_nyu_d,2
planetlab1_informatik_uni-kl_de_root,1
planetlab1_informatik_uni-kl_de_uka_p2pns,2
planetlab1_jhu_edu_root,2
planetlab1_jhu_edu_tum_i2p,2
planetlab1_jhu_edu_uw_oneswarm,2
planetlab1_just_edu_jo_irisaple_HEAP,2
planetlab1_koganei_wide_ad_jp_root,2
planetlab1_koganei_wide_ad_jp_uw_oneswarm,1
planetlab1_lublin_rd_tp_pl_uw_oneswarm,1
planetlab1_millennium_berkeley_edu_arizona_owl,2
planetlab1_millennium_berkeley_edu_nyu_d,2
planetlab1_millennium_berkeley_edu_princeton_comon,2
planetlab1_millennium_berkeley_edu_ufl_ipop3,2
planetlab1_millennium_berkeley_edu_ufl_svpn,2
planetlab1_millennium_berkeley_edu_utokyo_sora,2
planetlab1_millennium_berkeley_edu_uw_seattle,2
planetlab1_mnlab_cti_depaul_edu_forth_atlas,1
planetlab1_mnlab_cti_depaul_edu_princeton_coblitz,2
planetlab1_mnlab_cti_depaul_edu_root,2
planetlab1_mnlab_cti_depaul_edu_uw_oneswarm,1
planetlab1_netmedia_gist_ac_kr_princeton_codeen,2
planetlab1_netmedia_gist_ac_kr_root,1
planetlab1_netmedia_gist_ac_kr_uw_oneswarm,1
planetlab1_ntu_nodes_planet-lab_org_root,1
planetlab1_nvlab_org_root,2
planetlab1_otemachi_wide_ad_jp_arizona_owl,1
planetlab1_otemachi_wide_ad_jp_nyu_d,2
planetlab1_otemachi_wide_ad_jp_princeton_codeen,1
planetlab1_otemachi_wide_ad_jp_rnp_dcc_ufjf,1
planetlab1_otemachi_wide_ad_jp_root,2
planetlab1_otemachi_wide_ad_jp_uw_oneswarm,1
planetlab1_pjwstk_edu_pl_root,2
planetlab1_pjwstk_edu_pl_umn_net_tools,2
planetlab1_pjwstk_edu_pl_uw_oneswarm,1
planetlab1_pop-mg_rnp_br_uw_oneswarm,2
planetlab1_pop-pa_rnp_br_uw_oneswarm,2
planetlab1_rd_tut_fi_irisaple_wup,2
planetlab1_rd_tut_fi_uw_oneswarm,1
planetlab1_rutgers_edu_nyu_d,2
planetlab1_s3_kth_se_irisaple_HEAP,2
planetlab1_s3_kth_se_irisaple_wup,2
planetlab1_s3_kth_se_root,2
planetlab1_s3_kth_se_uw_oneswarm,2
planetlab1_scsr_nevada_edu_uw_oneswarm,1
planetlab1_singaren_net_sg_irisaple_HEAP,2
planetlab1_singaren_net_sg_nyu_d,2
planetlab1_singaren_net_sg_root,2
planetlab1_singaren_net_sg_uka_p2pns,2
planetlab1_singaren_net_sg_umn_net_tools,2
planetlab1_singaren_net_sg_uw_oneswarm,1
planetlab1_tamu_edu_nyu_d,2
planetlab1_tamu_edu_princeton_codeen,1
planetlab1_tamu_edu_root,1
planetlab1_tamu_edu_uw_oneswarm,1
planetlab1_tlm_unavarra_es_root,2
planetlab1_uc3m_es_irisaple_wup,2
planetlab1_uc3m_es_uw_oneswarm,2
planetlab1_ucsd_edu_root,2
planetlab1_ucsd_edu_uw_oneswarm,1
planetlab1_unineuchatel_ch_princeton_codeen,2
planetlab1_unineuchatel_ch_root,2
planetlab1_unineuchatel_ch_uw_oneswarm,2
planetlab1_upm_ro_irisaple_HEAP,2
planetlab1_upm_ro_irisaple_wup,2
planetlab1_upm_ro_uw_oneswarm,1
planetlab1_utt_fr_irisaple_HEAP,2
planetlab1_utt_fr_princeton_codeen,2
planetlab1_utt_fr_uw_oneswarm,1
planetlab1_willab_fi_uw_oneswarm,2
planetlab1_williams_edu_princeton_codeen,2
planetlab1_williams_edu_uw_oneswarm,1
planetlab1_wiwi_hu-berlin_de_nyu_d,2
planetlab1_wiwi_hu-berlin_de_princeton_codeen,1
planetlab1_wiwi_hu-berlin_de_root,2
planetlab1_wiwi_hu-berlin_de_uw_oneswarm,1
planetlab1_xeno_cl_cam_ac_uk_irisaple_wup,2
planetlab1_xeno_cl_cam_ac_uk_uw_oneswarm,1
planetlab2-buenosaires_lan_redclara_net_uw_oneswarm,1
planetlab2-santiago_lan_redclara_net_irisaple_HEAP,2
planetlab2-santiago_lan_redclara_net_irisaple_wup,2
planetlab2-santiago_lan_redclara_net_nyu_d,2
planetlab2-santiago_lan_redclara_net_root,2
planetlab2-saopaulo_lan_redclara_net_irisaple_HEAP,2
planetlab2-saopaulo_lan_redclara_net_irisaple_wup,2
planetlab2-saopaulo_lan_redclara_net_root,2
planetlab2-saopaulo_lan_redclara_net_uw_oneswarm,1
planetlab2-tijuana_lan_redclara_net_root,2
planetlab2-tijuana_lan_redclara_net_uw_oneswarm,1
planetlab2_acis_ufl_edu_uw_oneswarm,1
planetlab2_arizona-gigapop_net_google_highground,1
planetlab2_arizona-gigapop_net_irisaple_HEAP,2
planetlab2_arizona-gigapop_net_princeton_codeen,1
planetlab2_arizona-gigapop_net_root,2
planetlab2_arizona-gigapop_net_uw_oneswarm,1
planetlab2_aston_ac_uk_irisaple_HEAP,1
planetlab2_aston_ac_uk_princeton_codeen,2
planetlab2_aston_ac_uk_rnp_dcc_ufjf,1
planetlab2_aston_ac_uk_root,2
planetlab2_aston_ac_uk_uka_p2pns,2
planetlab2_aston_ac_uk_utokyo_sora,2
planetlab2_aston_ac_uk_uw_oneswarm,1
planetlab2_aston_ac_uk_uw_seattle,2
planetlab2_aston_ac_uk_yale_p4p,1
planetlab2_bgu_ac_il_princeton_codeen,2
planetlab2_bgu_ac_il_root,2
planetlab2_bgu_ac_il_uw_oneswarm,1
planetlab2_bupt_edu_cn_uw_oneswarm,1
planetlab2_byu_edu_princeton_codeen,2
planetlab2_ceid_upatras_gr_irisaple_HEAP,2
planetlab2_cesnet_cz_nyu_d,2
planetlab2_cesnet_cz_root,2
planetlab2_cis_upenn_edu_princeton_codeen,2
planetlab2_cis_upenn_edu_root,2
planetlab2_cis_upenn_edu_uw_oneswarm,1
planetlab2_citadel_edu_root,2
planetlab2_clemson_edu_uw_oneswarm,1
planetlab2_comp_nus_edu_sg_princeton_codeen,2
planetlab2_cs_otago_ac_nz_irisaple_HEAP,2
planetlab2_cs_otago_ac_nz_uka_p2pns,2
planetlab2_cs_otago_ac_nz_uw_oneswarm,1
planetlab2_cs_pitt_edu_nyu_d,2
planetlab2_cs_pitt_edu_princeton_codeen,2
planetlab2_cs_pitt_edu_uw_oneswarm,1
planetlab2_cs_stevens-tech_edu_uw_oneswarm,1
planetlab2_cs_ucl_ac_uk_princeton_codeen,2
planetlab2_cs_ucl_ac_uk_root,2
planetlab2_cs_ucla_edu_princeton_codeen,2
planetlab2_cs_ucla_edu_root,2
planetlab2_cs_ucla_edu_uw_oneswarm,1
planetlab2_cs_uit_no_uw_oneswarm,2
planetlab2_cs_uiuc_edu_arizona_owl,2
planetlab2_cs_uiuc_edu_princeton_codeen,1
planetlab2_cs_uiuc_edu_root,2
planetlab2_cs_uiuc_edu_uw_oneswarm,1
planetlab2_cs_umass_edu_princeton_codeen,2
planetlab2_cs_umass_edu_uka_p2pns,2
planetlab2_cs_umass_edu_uw_oneswarm,1
planetlab2_cs_uml_edu_uw_oneswarm,2
planetlab2_cs_unc_edu_nyu_d,2
planetlab2_cs_uoi_gr_irisaple_HEAP,2
planetlab2_cs_uoi_gr_uw_oneswarm,1
planetlab2_cs_uoi_gr_uw_trs2,2
planetlab2_cs_uoregon_edu_root,2
planetlab2_cs_uoregon_edu_uw_oneswarm,1
planetlab2_eas_asu_edu_princeton_codeen,2
planetlab2_eas_asu_edu_uw_oneswarm,1
planetlab2_ece_ucdavis_edu_uw_oneswarm,2
planetlab2_ecs_vuw_ac_nz_irisaple_HEAP,2
planetlab2_ecs_vuw_ac_nz_uw_oneswarm,1
planetlab2_eecs_ucf_edu_nyu_d,2
planetlab2_eecs_ucf_edu_princeton_codeen,2
planetlab2_eecs_ucf_edu_root,2
planetlab2_eecs_ucf_edu_uw_oneswarm,2
planetlab2_eecs_wsu_edu_google_highground,2
planetlab2_eecs_wsu_edu_irisaple_HEAP,2
planetlab2_eecs_wsu_edu_uw_oneswarm,1
planetlab2_een_orst_edu_uw_oneswarm,1
planetlab2_elet_polimi_it_cwru_DNS,1
planetlab2_elet_polimi_it_google_highground,1
planetlab2_elet_polimi_it_irisaple_HEAP,2
planetlab2_eurecom_fr_irisaple_HEAP,2
planetlab2_eurecom_fr_irisaple_wup,2
planetlab2_eurecom_fr_uw_oneswarm,2
planetlab2_exp-math_uni-essen_de_arizona_nest,2
planetlab2_exp-math_uni-essen_de_root,1
planetlab2_exp-math_uni-essen_de_uw_oneswarm,1
planetlab2_fem_tu-ilmenau_de_uka_p2pns,2
planetlab2_fem_tu-ilmenau_de_utokyo_sora,2
planetlab2_georgetown_edu_nyu_d,2
planetlab2_georgetown_edu_pl_drl,2
planetlab2_georgetown_edu_root,1
planetlab2_georgetown_edu_uw_oneswarm,1
planetlab2_hiit_fi_nyu_d,2
planetlab2_hiit_fi_root,1
planetlab2_inf_ethz_ch_nyu_d,2
planetlab2_inf_ethz_ch_uka_p2pns,2
planetlab2_inf_ethz_ch_uw_oneswarm,1
planetlab2_informatik_uni-leipzig_de_irisaple_HEAP,2
planetlab2_informatik_uni-leipzig_de_irisaple_wup,2
planetlab2_informatik_uni-leipzig_de_uw_oneswarm,1
planetlab2_jhu_edu_root,2
planetlab2_jhu_edu_uw_oneswarm,1
planetlab2_koganei_wide_ad_jp_root,2
planetlab2_millennium_berkeley_edu_nyu_d,2
planetlab2_millennium_berkeley_edu_princeton_codeen,1
planetlab2_millennium_berkeley_edu_root,1
planetlab2_millennium_berkeley_edu_ufl_ipop3,2
planetlab2_millennium_berkeley_edu_ufl_svpn,2
planetlab2_millennium_berkeley_edu_uw_oneswarm,1
planetlab2_millennium_berkeley_edu_uw_seattle,2
planetlab2_mnlab_cti_depaul_edu_uw_oneswarm,1
planetlab2_netlab_uky_edu_uka_p2pns,2
planetlab2_netmedia_gist_ac_kr_princeton_codeen,2
planetlab2_netmedia_gist_ac_kr_uw_oneswarm,2
planetlab2_ntu_nodes_planet-lab_org_princeton_comon,2
planetlab2_pc_cis_udel_edu_att_bwe,2
planetlab2_pc_cis_udel_edu_howard_p2psip,2
planetlab2_pc_cis_udel_edu_imperial_gds,2
planetlab2_pc_cis_udel_edu_irisaple_sTube,2
planetlab2_pc_cis_udel_edu_nyu_d,2
planetlab2_pc_cis_udel_edu_root,2
planetlab2_pc_cis_udel_edu_technion_dist_stor,2
planetlab2_pc_cis_udel_edu_ucla_dnsre,2
planetlab2_pc_cis_udel_edu_umass_globaltube,2
planetlab2_pc_cis_udel_edu_unitnple_csaba,2
planetlab2_pc_cis_udel_edu_utoronto_li_rs,2
planetlab2_pc_cis_udel_edu_uw_oneswarm,2
planetlab2_pc_cis_udel_edu_uw_trs2,2
planetlab2_pc_cis_udel_edu_williams_gush,2
planetlab2_pop-mg_rnp_br_princeton_codeen,2
planetlab2_pop-mg_rnp_br_uw_oneswarm,2
planetlab2_pop-rj_rnp_br_irisaple_wup,2
planetlab2_rd_tut_fi_irisaple_HEAP,2
planetlab2_rd_tut_fi_irisaple_wup,2
planetlab2_rd_tut_fi_uw_oneswarm,1
planetlab2_s3_kth_se_irisaple_HEAP,2
planetlab2_s3_kth_se_irisaple_wup,2
planetlab2_s3_kth_se_root,2
planetlab2_s3_kth_se_uw_oneswarm,2
planetlab2_tau_ac_il_irisaple_HEAP,2
planetlab2_tau_ac_il_irisaple_wup,2
planetlab2_tau_ac_il_root,2
planetlab2_tau_ac_il_uw_oneswarm,1
planetlab2_thlab_net_uw_oneswarm,2
planetlab2_tlm_unavarra_es_uw_oneswarm,1
planetlab2_unineuchatel_ch_princeton_codeen,2
planetlab2_upc_es_uw_oneswarm,1
planetlab2_upm_ro_irisaple_HEAP,2
planetlab2_upm_ro_irisaple_wup,2
planetlab2_upm_ro_uw_oneswarm,1
planetlab2_uta_edu_nyu_d,2
planetlab2_uta_edu_uw_oneswarm,1
planetlab2_utdallas_edu_princeton_codeen,2
planetlab2_utt_fr_irisaple_wup,2
planetlab2_warsaw_rd_tp_pl_irisaple_HEAP,2
planetlab2_warsaw_rd_tp_pl_root,2
planetlab2_warsaw_rd_tp_pl_uw_oneswarm,1
planetlab2_warsaw_rd_tp_pl_uw_seattle,2
planetlab2_wiwi_hu-berlin_de_irisaple_HEAP,2
planetlab2_wiwi_hu-berlin_de_irisaple_wup,2
planetlab2_wiwi_hu-berlin_de_nyu_d,2
planetlab2_wiwi_hu-berlin_de_princeton_codeen,2
planetlab2_wiwi_hu-berlin_de_purdue_2,1
planetlab2_wiwi_hu-berlin_de_root,2
planetlab2_wiwi_hu-berlin_de_ufl_mapreddisc,1
planetlab2_wiwi_hu-berlin_de_uofathens_zoi,1
planetlab2_wiwi_hu-berlin_de_uw_oneswarm,1
planetlab3_arizona-gigapop_net_arizona_owl,1
planetlab3_arizona-gigapop_net_purdue_4,1
planetlab3_arizona-gigapop_net_root,2
planetlab3_arizona-gigapop_net_uw_oneswarm,1
planetlab3_canterbury_ac_nz_uka_p2pns,2
planetlab3_canterbury_ac_nz_uw_oneswarm,2
planetlab3_cs_st-andrews_ac_uk_irisaple_HEAP,2
planetlab3_cs_st-andrews_ac_uk_uw_oneswarm,1
planetlab3_cs_uchicago_edu_root,1
planetlab3_cs_uoregon_edu_uw_oneswarm,1
planetlab3_csail_mit_edu_root,1
planetlab3_csail_mit_edu_uofathens_zoi,1
planetlab3_csail_mit_edu_uw_oneswarm,1
planetlab3_csee_usf_edu_princeton_codeen,1
planetlab3_csee_usf_edu_root,2
planetlab3_csee_usf_edu_uw_oneswarm,1
planetlab3_eecs_northwestern_edu_nyu_d,2
planetlab3_eecs_northwestern_edu_princeton_codeen,1
planetlab3_eecs_northwestern_edu_rnp_dcc_ufjf,1
planetlab3_eecs_northwestern_edu_root,1
planetlab3_eecs_northwestern_edu_uw_oneswarm,1
planetlab3_eecs_umich_edu_princeton_codeen,2
planetlab3_eecs_umich_edu_root,2
planetlab3_eecs_umich_edu_uw_oneswarm,1
planetlab3_hiit_fi_princeton_codeen,2
planetlab3_hiit_fi_uw_oneswarm,1
planetlab3_inf_ethz_ch_uka_p2pns,2
planetlab3_inf_ethz_ch_uw_oneswarm,2
planetlab3_mini_pw_edu_pl_irisaple_HEAP,2
planetlab3_mini_pw_edu_pl_uw_oneswarm,1
planetlab3_mini_pw_edu_pl_uw_seattle,2
planetlab3_netmedia_gist_ac_kr_irisaple_HEAP,2
planetlab3_netmedia_gist_ac_kr_root,2
planetlab3_postel_org_root,2
planetlab3_postel_org_uw_oneswarm,1
planetlab3_singaren_net_sg_rnp_dcc_ufjf,1
planetlab3_singaren_net_sg_root,2
planetlab3_ucsd_edu_nyu_d,2
planetlab3_upc_es_irisaple_HEAP,2
planetlab3_upc_es_irisaple_wup,2
planetlab3_upc_es_root,2
planetlab3_upc_es_upcple_lrm,2
planetlab3_upc_es_uw_oneswarm,1
planetlab3_upc_es_uw_seattle,2
planetlab3_wail_wisc_edu_nyu_d,2
planetlab3_wail_wisc_edu_princeton_codeen,2
planetlab3_wail_wisc_edu_uw_oneswarm,1
planetlab4_cs_duke_edu_nyu_d,2
planetlab4_cs_duke_edu_root,2
planetlab4_cs_duke_edu_uw_oneswarm,1
planetlab4_cs_uiuc_edu_root,2
planetlab4_cse_nd_edu_uw_oneswarm,1
planetlab4_csee_usf_edu_princeton_codeen,2
planetlab4_csee_usf_edu_uw_oneswarm,1
planetlab4_csres_utexas_edu_uw_oneswarm,1
planetlab4_eecs_umich_edu_princeton_codeen,2
planetlab4_eecs_umich_edu_uw_oneswarm,1
planetlab4_goto_info_waseda_ac_jp_uw_oneswarm,1
planetlab4_hiit_fi_uw_oneswarm,1
planetlab4_mini_pw_edu_pl_irisaple_HEAP,2
planetlab4_mini_pw_edu_pl_irisaple_wup,2
planetlab4_mini_pw_edu_pl_nyu_d,2
planetlab4_mini_pw_edu_pl_root,2
planetlab4_mini_pw_edu_pl_uw_oneswarm,1
planetlab4_rutgers_edu_uw_oneswarm,1
planetlab4_wail_wisc_edu_uw_oneswarm,1
planetlab4_warsaw_rd_tp_pl_uw_oneswarm,1
planetlab5_cs_uiuc_edu_uw_oneswarm,1
planetlab5_csee_usf_edu_uw_oneswarm,1
planetlab5_eecs_umich_edu_irisaple_HEAP,2
planetlab5_eecs_umich_edu_irisaple_wup,2
planetlab5_goto_info_waseda_ac_jp_uw_oneswarm,1
planetlab6_cs_duke_edu_irisaple_HEAP,2
planetlab6_cs_duke_edu_uw_oneswarm,1
planetlabpc1_upf_edu_irisaple_wup,1
planetlabpc1_upf_edu_princeton_comon,2
planetslug4_cse_ucsc_edu_uw_oneswarm,1
planetslug5_cse_ucsc_edu_uw_oneswarm,1
ple02_fc_univie_ac_at_uw_oneswarm,1
ple1_dmcs_p_lodz_pl_upmc_ts,2
ple1_dmcs_p_lodz_pl_uw_oneswarm,2
ple1_tu_koszalin_pl_uw_oneswarm,2
ple2_cesnet_cz_ uofathens_zoi,1
ple2_cesnet_cz_uw_oneswarm,2
ple2_dmcs_p_lodz_pl_irisaple_HEAP,2
ple2_dmcs_p_lodz_pl_irisaple_wup,2
ple2_dmcs_p_lodz_pl_uw_oneswarm,2
ple2_tu_koszalin_pl_irisaple_HEAP,2
ple2_tu_koszalin_pl_irisaple_wup,2
ple2_tu_koszalin_pl_umn_net_tools,1
plgmu4_ite_gmu_edu_princeton_codeen,2
plgmu4_ite_gmu_edu_rnp_dcc_ufjf,1
plgmu4_ite_gmu_edu_root,1
plgmu4_ite_gmu_edu_uofathens_zoi,1
plgmu4_ite_gmu_edu_uw_oneswarm,1
plgmu5_ite_gmu_edu_irisaple_HEAP,2
plgmu5_ite_gmu_edu_uw_oneswarm,1
pli1-pa-4_hpl_hp_com_ uofathens_zoi,1
pli1-pa-4_hpl_hp_com_uw_oneswarm,2
pli1-pa-5_hpl_hp_com_ uofathens_zoi,1
pli1-pa-5_hpl_hp_com_uw_oneswarm,2
pli1-pa-6_hpl_hp_com_ uofathens_zoi,1
pli2-pa-1_hpl_hp_com_ uofathens_zoi,1
pli2-pa-1_hpl_hp_com_uw_oneswarm,2
pli2-pa-2_hpl_hp_com_ uofathens_zoi,1
pli2-pa-2_hpl_hp_com_uw_oneswarm,2
pli2-pa-3_hpl_hp_com_princeton_codeen,2
pli2-pa-3_hpl_hp_com_uw_seattle,2
plink_cs_uwaterloo_ca_princeton_codeen,2
plink_cs_uwaterloo_ca_tum_i2p,2
plink_cs_uwaterloo_ca_uka_p2pns,2
plnode-03_gpolab_bbn_com_tum_i2p,2
plnode-03_gpolab_bbn_com_uw_oneswarm,1
plnode-04_gpolab_bbn_com_uw_oneswarm,1
pluto_cs_brown_edu_uw_oneswarm,2
ricepl-1_cs_rice_edu_nyu_d,2
ricepl-1_cs_rice_edu_uw_oneswarm,1
ricepl-5_cs_rice_edu_ rnp_dcc_ufjf,1
ricepl-5_cs_rice_edu_uw_oneswarm,2
righthand_eecs_harvard_edu_princeton_codeen,2
righthand_eecs_harvard_edu_uw_oneswarm,1
roam1_cs_ou_edu_uw_oneswarm,2
roam2_cs_ou_edu_irisaple_HEAP,2
roam2_cs_ou_edu_princeton_codeen,2
rochefort_infonet_fundp_ac_be_irisaple_HEAP,2
rochefort_infonet_fundp_ac_be_irisaple_wup,2
rochefort_infonet_fundp_ac_be_root,2
rochefort_infonet_fundp_ac_be_uw_oneswarm,2
server1_planetlab_iit-tech_net_nyu_d,2
server1_planetlab_iit-tech_net_pl_drl,2
server2_planetlab_iit-tech_net_howard_p2psip,2
server2_planetlab_iit-tech_net_nyu_d,2
server2_planetlab_iit-tech_net_root,1
server2_planetlab_iit-tech_net_uw_oneswarm,1
server3_planetlab_iit-tech_net_nyu_d,2
server3_planetlab_iit-tech_net_root,1
server3_planetlab_iit-tech_net_uw_oneswarm,1
stella_planetlab_ntua_gr_nyu_d,2
stella_planetlab_ntua_gr_princeton_codeen,1
stella_planetlab_ntua_gr_root,2
thalescom-48-42_cnt_nerim_net_uw_oneswarm,2
ttu1-1_nodes_planet-lab_org_irisaple_wup,2
ttu1-1_nodes_planet-lab_org_uw_oneswarm,1
ttu2-1_nodes_planet-lab_org_uw_oneswarm,2
venus_silicon-valley_ru_irisaple_HEAP,2
venus_silicon-valley_ru_irisaple_wup,2
venus_silicon-valley_ru_uw_oneswarm,2
vicky_planetlab_ntua_gr_princeton_codeen,1
vn4_cse_wustl_edu_princeton_codeen,2
vn4_cse_wustl_edu_root,2
vn4_cse_wustl_edu_uw_oneswarm,1
vn5_cse_wustl_edu_princeton_codeen,1